Position,Final Rank,Player
QB,1,Josh Allen
QB,2,Lamar Jackson
QB,3,Jayden Daniels
QB,4,Joe Burrow
QB,5,Drake Maye
QB,6,Jalen Hurts
QB,7,Jaxson Dart
QB,8,Justin Herbert
QB,9,Caleb Williams
QB,10,Dak Prescott
QB,11,Trevor Lawrence
QB,12,Patrick Mahomes
QB,13,Brock Purdy
QB,14,Bo Nix
QB,15,Matthew Stafford
QB,16,Jared Goff
QB,17,Jordan Love
QB,18,Malik Willis
QB,19,Baker Mayfield
QB,20,Tyler Shough
QB,21,Kyler Murray
QB,22,Sam Darnold
QB,23,C.J. Stroud
QB,24,Daniel Jones
QB,25,Bryce Young
QB,26,Cam Ward
QB,27,Fernando Mendoza
QB,28,Geno Smith
QB,29,Michael Penix Jr.
QB,30,Jacoby Brissett
QB,31,Shedeur Sanders
QB,32,Kirk Cousins
QB,33,Aaron Rodgers
QB,34,Tua Tagovailoa
QB,35,Deshaun Watson
QB,36,J.J. McCarthy
QB,37,Ty Simpson
QB,38,Mac Jones
QB,39,Justin Fields
QB,40,Anthony Richardson Sr.
QB,41,Jameis Winston
QB,42,Carson Beck
QB,43,Marcus Mariota
QB,44,Joe Milton
QB,45,Joe Flacco
QB,46,Riley Leonard
QB,47,Gardner Minshew
QB,48,Taylen Green
QB,49,Quinn Ewers
QB,50,Spencer Rattler
QB,51,Jimmy Garoppolo
QB,52,Trey Lance
QB,53,Tyrod Taylor
QB,54,Garrett Nussmeier
QB,55,Tyson Bagent
QB,56,Tanner McKee
QB,57,Cade Klubnik
QB,58,Carson Wentz
QB,59,Kenny Pickett
QB,60,Jalen Milroe
QB,61,Brady Cook
QB,62,Mitchell Trubisky
QB,63,Will Levis
QB,64,Dillon Gabriel
QB,65,Zach Wilson
QB,66,Sam Howell
RB,1,Bijan Robinson
RB,2,Jahmyr Gibbs
RB,3,Jonathan Taylor
RB,4,Christian McCaffrey
RB,5,De'Von Achane
RB,6,James Cook
RB,7,Ashton Jeanty
RB,8,Chase Brown
RB,9,Omarion Hampton
RB,10,Saquon Barkley
RB,11,Josh Jacobs
RB,12,Kenneth Walker
RB,13,Derrick Henry
RB,14,Jeremiyah Love
RB,15,Bucky Irving
RB,16,Kyren Williams
RB,17,Javonte Williams
RB,18,Breece Hall
RB,19,Cam Skattebo
RB,20,TreVeyon Henderson
RB,21,Quinshon Judkins
RB,22,D'Andre Swift
RB,23,David Montgomery
RB,24,Chuba Hubbard
RB,25,Jaylen Warren
RB,26,RJ Harvey
RB,27,Rhamondre Stevenson
RB,28,Rico Dowdle
RB,29,Bhayshul Tuten
RB,30,Tony Pollard
RB,31,Rachaad White
RB,32,Kyle Monangai
RB,33,J.K. Dobbins
RB,34,Blake Corum
RB,35,Tyler Allgeier
RB,36,Jadarian Price
RB,37,Kenneth Gainwell
RB,38,Jacory Croskey-Merritt
RB,39,Woody Marks
RB,40,James Conner
RB,41,Jordan Mason
RB,42,Alvin Kamara
RB,43,Zach Charbonnet
RB,44,Tyjae Spears
RB,45,Isiah Pacheco
RB,46,Travis Etienne Jr.
RB,47,Dylan Sampson
RB,48,Braelon Allen
RB,49,Keaton Mitchell
RB,50,Jonah Coleman
RB,51,Emmett Johnson
RB,52,Tank Bigsby
RB,53,Emanuel Wilson
RB,54,Trey Benson
RB,55,Aaron Jones Sr.
RB,56,Kimani Vidal
RB,57,Ray Davis
RB,58,Devin Neal
RB,59,Sean Tucker
RB,60,Mike Washington Jr.
RB,61,Tyrone Tracy Jr.
RB,62,Chris Rodriguez Jr.
RB,63,Jaylen Wright
RB,64,Kaleb Johnson
RB,65,Najee Harris
RB,66,Kaytron Allen
RB,67,Jonathon Brooks
RB,68,Travis Etienne
RB,69,Kendre Miller
RB,70,Brian Robinson Jr.
RB,71,Isaiah Davis
RB,72,Nick Singleton
RB,73,Brashard Smith
RB,74,Chris Rodriguez
RB,75,Jaydon Blue
RB,76,Ollie Gordon
RB,77,Ty Johnson
RB,78,Demond Claiborne
RB,79,Adam Randall
RB,80,Jerome Ford
RB,81,Tyrone Tracy
RB,82,Devin Singletary
RB,83,LeQuint Allen Jr.
RB,84,Aaron Jones
RB,85,Chris Brooks
RB,86,DJ Giddens
RB,87,Justice Hill
RB,88,Jordan James
RB,89,Joe Mixon
RB,90,Audric Estime
RB,91,Samaje Perine
RB,92,Emari Demercado
RB,93,Isaac Guerendo
RB,94,MarShawn Lloyd
RB,95,Kareem Hunt
RB,96,George Holani
RB,97,Jaleel McLaughlin
RB,98,Brian Robinson
RB,99,Seth McGowan
RB,100,Malik Davis
RB,101,Tahj Brooks
RB,102,Trevor Etienne
RB,103,Kaelon Black
RB,104,Jarquez Hunter
RB,105,Nick Chubb
RB,106,Bam Knight
RB,107,Will Shipley
RB,108,Austin Ekeler
RB,109,Michael Carter
RB,110,Nicholas Singleton
RB,111,Eli Heidenreich
RB,112,Jawhar Jordan
RB,113,Raheim Sanders
RB,114,Dameon Pierce
RB,115,Terrell Jennings
RB,116,Antonio Gibson
RB,117,Damien Martinez
RB,118,Le'Veon Moss
RB,119,Zonovan Knight
RB,120,J'Mari Taylor
RB,121,Jam Miller
RB,122,Roschon Johnson
RB,123,A.J. Dillon
RB,124,Phil Mafah
RB,125,Tyler Badie
WR,1,Ja'Marr Chase
WR,2,Puka Nacua
WR,3,Jaxon Smith-Njigba
WR,4,Amon-Ra St. Brown
WR,5,CeeDee Lamb
WR,6,Drake London
WR,7,Malik Nabers
WR,8,Rashee Rice
WR,9,Justin Jefferson
WR,10,George Pickens
WR,11,Nico Collins
WR,12,Chris Olave
WR,13,Tetairoa McMillan
WR,14,A.J. Brown
WR,15,Garrett Wilson
WR,16,DeVonta Smith
WR,17,Tee Higgins
WR,18,Zay Flowers
WR,19,Davante Adams
WR,20,Ladd McConkey
WR,21,Luther Burden
WR,22,Jaylen Waddle
WR,23,Jameson Williams
WR,24,Terry McLaurin
WR,25,Emeka Egbuka
WR,26,Rome Odunze
WR,27,Christian Watson
WR,28,DK Metcalf
WR,29,Courtland Sutton
WR,30,Mike Evans
WR,31,Marvin Harrison Jr.
WR,32,Wan'Dale Robinson
WR,33,Brian Thomas Jr.
WR,34,Carnell Tate
WR,35,Michael Wilson
WR,36,Jakobi Meyers
WR,37,Jordyn Tyson
WR,38,Alec Pierce
WR,39,Josh Downs
WR,40,Michael Pittman Jr.
WR,41,Ricky Pearsall
WR,42,Jayden Reed
WR,43,Makai Lemon
WR,44,Romeo Doubs
WR,45,Quentin Johnston
WR,46,Jordan Addison
WR,47,Parker Washington
WR,48,Khalil Shakir
WR,49,Matthew Golden
WR,50,Xavier Worthy
WR,51,Jauan Jennings
WR,52,Jayden Higgins
WR,53,Stefon Diggs
WR,54,Jalen Coker
WR,55,Travis Hunter
WR,56,Jerry Jeudy
WR,57,DJ Moore
WR,58,Tyreek Hill
WR,59,Jalen McMillan
WR,60,Troy Franklin
WR,61,Kayshon Boutte
WR,62,Chris Godwin Jr.
WR,63,Rashid Shaheed
WR,64,Adonai Mitchell
WR,65,Tre Tucker
WR,66,Brandon Aiyuk
WR,67,Denzel Boston
WR,68,Pat Bryant
WR,69,Chimere Dike
WR,70,Calvin Ridley
WR,71,KC Concepcion
WR,72,Elic Ayomanor
WR,73,Dontayvion Wicks
WR,74,Deebo Samuel Sr.
WR,75,Jaylin Noel
WR,76,Omar Cooper Jr.
WR,77,Isaac TeSlaa
WR,78,Tre Harris
WR,79,Malachi Fields
WR,80,Darnell Mooney
WR,81,Jalen Nailor
WR,82,Tory Horton
WR,83,Antonio Williams
WR,84,Keenan Allen
WR,85,Ryan Flournoy
WR,86,Germie Bernard
WR,87,Chris Bell
WR,88,Zachariah Branch
WR,89,Chris Godwin
WR,90,Keon Coleman
WR,91,Tank Dell
WR,92,Hollywood Brown
WR,93,Rashod Bateman
WR,94,Malik Washington
WR,95,Elijah Sarratt
WR,96,Chris Brazzell
WR,97,De'Zhaun Stribling
WR,98,Cooper Kupp
WR,99,Ja'Kobi Lane
WR,100,Isaiah Bond
WR,101,Christian Kirk
WR,102,Skyler Bell
WR,103,D.J. Moore
WR,104,Marvin Mims Jr.
WR,105,Kyle Williams
WR,106,Xavier Legette
WR,107,Jack Bech
WR,108,Jahan Dotson
WR,109,Ted Hurst
WR,110,Calvin Austin
WR,111,Mack Hollins
WR,112,Darius Slayton
WR,113,Devaughn Vele
WR,114,Tyquan Thornton
WR,115,Tez Johnson
WR,116,Jalen Royals
WR,117,Cedric Tillman
WR,118,Deebo Samuel
WR,119,Andrei Iosivas
WR,120,Konata Mumpfield
WR,121,Luke McCaffrey
WR,122,Olamide Zaccheaus
WR,123,Joshua Palmer
WR,124,Dont'e Thornton Jr.
WR,125,Jalen Tolbert
WR,126,Caleb Douglas
WR,127,DeMario Douglas
WR,128,Brenen Thompson
WR,129,Savion Williams
WR,130,Bryce Lance
WR,131,Xavier Hutchinson
WR,132,Kevin Coleman Jr.
WR,133,Jaylin Lane
WR,134,John Metchie
WR,135,Treylon Burks
WR,136,Kendrick Bourne
WR,137,Tutu Atwell
WR,138,Malik Benson
WR,139,KaVontae Turpin
WR,140,Cyrus Allen
WR,141,Kalif Raymond
WR,142,CJ Daniels
WR,143,Nick Westbrook-Ikhine
WR,144,Zavion Thomas
WR,145,Tre' Harris
WR,146,Deion Burks
WR,147,Dyami Brown
WR,148,Marvin Mims
WR,149,Tai Felton
WR,150,Jordan Whittington
WR,151,Mitch Tinsley
WR,152,Greg Dortch
WR,153,Devontez Walker
WR,154,Roman Wilson
WR,155,Demarcus Robinson
WR,156,Josh Cameron
WR,157,Reggie Virgil
TE,1,Trey McBride
TE,2,Brock Bowers
TE,3,Colston Loveland
TE,4,Tucker Kraft
TE,5,Tyler Warren
TE,6,Sam LaPorta
TE,7,Oronde Gadsden
TE,8,Travis Kelce
TE,9,Dalton Kincaid
TE,10,Dallas Goedert
TE,11,Jake Ferguson
TE,12,Isaiah Likely
TE,13,George Kittle
TE,14,Brenton Strange
TE,15,Hunter Henry
TE,16,Juwan Johnson
TE,17,Mark Andrews
TE,18,Dalton Schultz
TE,19,AJ Barner
TE,20,Kenyon Sadiq
TE,21,T.J. Hockenson
TE,22,Harold Fannin Jr.
TE,23,Kyle Pitts Sr.
TE,24,David Njoku
TE,25,Mason Taylor
TE,26,Gunnar Helm
TE,27,Theo Johnson
TE,28,Cade Otton
TE,29,Terrance Ferguson
TE,30,Pat Freiermuth
TE,31,Chig Okonkwo
TE,32,Colby Parkinson
TE,33,Evan Engram
TE,34,Darnell Washington
TE,35,Eli Stowers
TE,36,Greg Dulcich
TE,37,Jake Tonges
TE,38,Tyler Higbee
TE,39,Harold Fannin
TE,40,Mike Gesicki
TE,41,Max Klare
TE,42,Kyle Pitts
TE,43,Oscar Delp
TE,44,Zach Ertz
TE,45,Noah Gray
TE,46,Darren Waller
TE,47,Elijah Arroyo
TE,48,Ja'Tavion Sanders
TE,49,John Bates
TE,50,Tommy Myers
TE,51,Michael Mayer
TE,52,Ben Sinnott
TE,53,Daniel Bellinger
TE,54,Noah Fant
TE,55,Justin Joly
TE,56,Dawson Knox
TE,57,Chigoziem Okonkwo
TE,58,Cole Kmet
TE,59,Luke Musgrave
TE,60,Eli Raridon
TE,61,Jonnu Smith
TE,62,Elijah Higgins
TE,63,Sam Roush
TE,64,Marlin Klein
TE,65,Tommy Tremble
TE,66,Jackson Hawes
TE,67,Austin Hooper
TE,68,Erick All Jr.
TE,69,Nate Boerkircher
TE,70,Charlie Kolar
TE,71,Mitchell Evans
TE,72,Thomas Fidone
TE,73,Michael Trigg
TE,74,Jack Endries
TE,75,Tanner Koziol
TE,76,Taysom Hill
